C:/Users/RDNRCLabPC20LSN/Documents/past scan projects/Barista_small_pore\Mex-2\annotated image\High mag\2_Mex-2_annotated image_3500x_0_0.tif,0.5992764802206131,0.778492359887986,0.7770146983010427,0.5866104733376276,0.40522751354035874,0.5569795937765213,0.3703189350309826,0.4085781347183954,0.46594811053503127,0.6684489250183107,0.4624092522121611,0.5999353102275303,0.7406002226329985,0.4650445722398304,0.4673740069071452,0.5875916594550723,0.3921262082599459,0.8251998779319583,0.6667759673936026,0.4055522226151966,0.5497042281287058,0.6730419113522484,0.6303403150467646,2.963631490866343,4.471700435593014,5.450858297802153,2.4723725432441346,4.2419146469661175,3.4954578961644853,3.000650678362166,3.087000939108077,4.4120527903238935,3.1291648830686296,3.022448539733887,3.2709603948252544,3.4348878888856795,2.111070167450678,3.4774224247251238,3.087093881198338,2.9093038979030794,1.6216747675623215,1.7596831832613264,2.2131805831477758,1.0927166257585799,2.5627522553716386,2.0683079823142005,0.9975533371879941,4.238512260573251,2.1541764736175537
C:/Users/RDNRCLabPC20LSN/Documents/past scan projects/Barista_small_pore\Mex-2\annotated image\High mag\2_Mex-2_annotated image_3500x_0_1.tif,0.6524875916185834,0.558669022151402,0.45369151944205877,0.4625504300707863,0.5434406371343703,0.3859096765518189,0.57179856300354,0.7213529745737711,0.4669387085097177,0.49361897082555867,0.5470689081010364,0.43020187673114596,0.4869459640412104,0.6727172022774105,0.7890218751771109,2.7198055641991754,2.1065854174750194,3.0638383584363122,2.701537149293082,4.843240559101106,4.126911163330078,3.590702362003781,3.749330980437143,4.158271471659343,4.852847712380545,4.205215462616512,6.784534939697811,5.267981205667768,4.391662001609802,4.393302017734164,4.637537360191345,3.0123825584139143,1.4791486603873116,2.2367302264486044,4.23867226214636,2.6404706665447786,5.340631331716265,1.1417406371661596,2.180350848606655,2.5785077043942044,2.2082405345780507,1.647409138225374
C:/Users/RDNRCLabPC20LSN/Documents/past scan projects/Barista_small_pore\Mex-2\annotated image\High mag\2_Mex-2_annotated image_3500x_0_2.tif,0.7660957674185435,0.605683602037884,0.9304562069120861,0.8224786747069586,0.755518016361055,0.8094008990696498,0.8431047598520914,0.5878740151723225,2.505330514340174,1.831034473010472,3.653000621568589,5.837598570755551,1.5129066393488928,1.9191023977029893,2.3803081086703712,1.4819392760594685,2.442746369611649,9.160654771895635,3.1059693608965193,1.3084222759519304,1.6014580982072013,2.1406798703329906,1.5038641975039528,1.8213779074805123,2.2494644692965915,1.098737861428942,1.909367007868631,1.7146050930023196,2.1731860722814287,1.9676875812666754,3.076435541113218,2.9658950425329658,1.8847150007883708,3.265330927712577,1.6548868588038854,1.0331995700086867,2.6134562832968573,2.4646548203059604,1.8837032261348905,1.1790115918431965,1.4740415513515472,1.1108438628060475,1.405477347828093,2.5512392010007585,1.7073061977113997,5.744781187602452,1.6235030208315169,2.664826200121925,2.5714841059276035,1.0283795226187933,1.4934123300370716,1.1589855125972204,4.905499994754791,1.9861701159250171,2.187324446581659,1.314700572973206
C:/Users/RDNRCLabPC20LSN/Documents/past scan projects/Barista_small_pore\Mex-2\annotated image\High mag\2_Mex-2_annotated image_3500x_0_3.tif,0.8706156185695103,0.6969480287461054,0.582339843114217,0.8786156972249349,0.8054338012422835,3.031109801360539,4.879257383800689,3.869085099015917,1.7447065654255096,1.7513678073883054,3.096566915512085,2.187727391719818,2.361933810370309,2.859289288520813,2.3449124665487378,2.695458265997115,2.116954931191036,2.0507378095672246,2.7618977427482605,2.009791524637313,3.5057168205579123,2.7577824081693376,2.837392602648054,1.7407429970446087,2.319132213081632,1.4511307378609974,1.793217630613418,1.6328113476435344,2.35856907140641,2.388517601149423,2.0049514770507812,2.3967553292001997,1.8784631746155875,1.5921050650732858
C:/Users/RDNRCLabPC20LSN/Documents/past scan projects/Barista_small_pore\Mex-2\annotated image\High mag\2_Mex-2_annotated image_3500x_0_4.tif,0.7442049639565604,0.8991523697262719,2.2627798943292525,2.070952125958034,2.2505727154867987,1.8162143273012978,2.3201875175748548,2.304495598588671,2.280629481588091,3.14556269134794,2.405226000717708,2.2910201719829013,2.569895855018071,2.4862479737826755,2.648186036518642,3.579310485294887,5.2097806334495536,2.4071530784879416,1.609413470540728,2.2396596670150757,1.4360894135066442,2.0645614748909358,2.6514684217316766,1.9795959336417064,2.054568435464587,1.0664669559115456,2.6003761546952386,2.8953461136136736,1.2755419526781355,1.3462532361348472,1.8430381204400745
C:/Users/RDNRCLabPC20LSN/Documents/past scan projects/Barista_small_pore\Mex-2\annotated image\High mag\2_Mex-2_annotated image_3500x_0_5.tif,2.3869999391692023,2.1317950770968483,2.642828336783818,2.417359061184384,2.1667230675617857,1.9062799186933608,2.296521402540661,3.769385295254844,4.423103487207777,3.1388567430632452,1.8869244342758542,2.136423357895443,2.959027916193008,3.2087862541278205,3.3028983558927263,5.748752991358439,1.5239679245721727,5.072383988471259,3.0761525971548895,2.2404502630233765,2.993690609931946,1.3512485793658666,3.186845450174241,1.526132651737758,2.6701862528210594,1.5906932864870345,2.3763339519500732,4.797096576009478,1.4995841554233007,2.4964621918542043,1.8941127402441842,1.5368151097070604
C:/Users/RDNRCLabPC20LSN/Documents/past scan projects/Barista_small_pore\Mex-2\annotated image\High mag\2_Mex-2_annotated image_3500x_0_6.tif,0.5673514604568481,3.4079723301387967,1.4511883854866026,3.5893529369717556,2.441254590238844,1.8326615478311268,2.2097723143441335,2.9489560524622602,2.202379300480797,1.4334364462466467,3.09137157031468,2.659777915193921
C:/Users/RDNRCLabPC20LSN/Documents/past scan projects/Barista_small_pore\Mex-2\annotated image\High mag\2_Mex-2_annotated image_3500x_0_7.tif,0.7213247390020462,0.5852575188591367,0.5850975172860282,2.9786057557378496,5.902173323290689,3.536663007168543,3.8422966003417973,2.6829346134549095,4.240559339523315,1.5874320779527937,1.3083163925579615,3.1630899224962508,3.6884221462976368
C:/Users/RDNRCLabPC20LSN/Documents/past scan projects/Barista_small_pore\Mex-2\annotated image\High mag\2_Mex-2_annotated image_3500x_0_8.tif,0.649425208568573,2.8264513186046054,2.8201406683240613,3.476464768250783,2.8070181863648553,2.2150664840425764,3.2937076772962297,6.9623084522428975,1.8262767791748047,3.281509910311018,2.151317621980395,3.4165888854435513,1.819836715857188,1.4850922482354303,9.805083460751034,4.745637246540614,7.4714005163737705,3.170064108712333,2.4431040201868335,2.359359667414711,1.5650130340031216,2.0355635427293324,1.7344570528893244,3.479885978358132
C:/Users/RDNRCLabPC20LSN/Documents/past scan projects/Barista_small_pore\Mex-2\annotated image\High mag\2_Mex-2_annotated image_3500x_10_0.tif,2.5187682935169766,1.6556351014545985,3.1877254588263377,2.5123164653778076,3.581286975315639,2.1147925569897605,3.9223867995398387,3.6308592274075466,2.5378237749849046,2.1109478133065362,3.335270438875471,3.5545925952139354,3.8001655978815903,7.106015747501736,1.7194239639100575,3.6702337321780973,4.628120797021048,5.291044961838495,2.78587444907143,3.371369617325919,7.071530702568236,3.0093001751672652,4.050590412957328,3.2758416192872186,2.551225083214896,2.8377561356340135,2.4135060821260725
C:/Users/RDNRCLabPC20LSN/Documents/past scan projects/Barista_small_pore\Mex-2\annotated image\High mag\2_Mex-2_annotated image_3500x_10_1.tif,5.442900572504316,6.993456993784223,2.4253320807502385,2.5383920158658713,3.730384911809649,3.1444615040506636,3.535107697759356,2.324291087332226,2.136257473911558,4.070040015947251,3.081802064464206,4.233328680197398,5.751303604670933,1.4191951297578358,1.5849426417123704,1.818304936091105,4.281719744205475,2.1750190314792452,1.612462912287031,3.4390149882861545,1.5269656011036465,4.891664564609527,6.585330628213429,5.22907258783068
C:/Users/RDNRCLabPC20LSN/Documents/past scan projects/Barista_small_pore\Mex-2\annotated image\High mag\2_Mex-2_annotated image_3500x_10_2.tif,0.4247477054595948,5.526171979450044,4.700783276132175,2.532561370304653,2.8515768597523374,3.740599129881178,2.5738935413814725,2.4574547495160783,3.434574944632394,4.677350692805789,3.9184249958821713,3.578562242644174,3.3699178383463906,4.089082556111472,3.0365145603815713,3.172261777378264,3.5719268832887923,2.7969169105802267,1.2734525203704834,1.9212141831715899,2.794568652198428,1.5570835442770095,2.8023404933157425
C:/Users/RDNRCLabPC20LSN/Documents/past scan projects/Barista_small_pore\Mex-2\annotated image\High mag\2_Mex-2_annotated image_3500x_10_3.tif,2.6657315031403583,2.611119201495534,2.530474290961311,4.897929332086018,5.411283791065216,6.098404664368857,2.9955588635944186,3.3135149308613374,4.400124731872763,4.087650189087505,2.9489936998912265,1.9470967905861993,1.216388429914202,2.3929223503385275,1.9096811286040716,3.8703204052788878,2.566641705376761
C:/Users/RDNRCLabPC20LSN/Documents/past scan projects/Barista_small_pore\Mex-2\annotated image\High mag\2_Mex-2_annotated image_3500x_10_4.tif,0.8803192433856782,0.4635716165815081,0.32624320756821407,0.45018795558384483,0.36827656200953895,0.32558673052560716,0.5229322002047584,0.747308523882003,0.8619567099071684,0.32303847017742343,0.3682483264378139,0.9526587781451997,2.7494811500821794,2.733926879508155,4.702916826520648,3.1663228954587663,2.522841274738312,5.0252470544406345,2.897783784639268,2.944504243986947,2.105124226638249,1.6548727410180228,2.9821963792755493,4.143200735251109,1.645399706704276,3.4322384510721475,2.1265456137203036,2.533239024026053,2.4234732389450073,2.0485401409012933,4.455802632229669,1.8628347856657848,1.8251473563058036,1.893117436340877,2.437718084880284,1.3453591096968878,1.4414753488131933,2.2319795915058678,1.4555154868534632,1.480256906577519,2.758725946857816,1.7915470259530204,1.6366749150412423,1.3213329911231995,1.820403780255999,2.9943964992250716,4.9929243837084085,2.76245539528983,1.2054771461657117,3.194516113826207,1.009901693889073,2.3685974052974155,1.862714784485953,2.059130833262489,1.6707128967557636,3.142774428640093,1.1544819389070784,1.470334456080482,1.5873767832914987,2.007666797865005,1.7241816577457245,1.9856971700986226,1.2935280118669783
C:/Users/RDNRCLabPC20LSN/Documents/past scan projects/Barista_small_pore\Mex-2\annotated image\High mag\2_Mex-2_annotated image_3500x_10_5.tif,0.3986815668287731,0.6703783557528542,2.84891153942971,3.8713792392185757,3.701683453151158,4.021620716367449,3.506335650171552,1.3917407421838672,1.9410543782370433,2.123357347079686,1.8168566865580424
C:/Users/RDNRCLabPC20LSN/Documents/past scan projects/Barista_small_pore\Mex-2\annotated image\High mag\2_Mex-2_annotated image_3500x_11_0.tif
C:/Users/RDNRCLabPC20LSN/Documents/past scan projects/Barista_small_pore\Mex-2\annotated image\High mag\2_Mex-2_annotated image_3500x_11_1.tif,2.9623103014060432,2.8465950460661023,5.074807541710989,4.073211811837696,4.1418483690136965,2.3671715089253014,5.772946170398167,1.6404349520092918,3.2535566943032403,2.1299927064350674,3.600715401626769,3.48944489586921,3.3049548467000327,3.9030030795506065,2.1202231986182074,2.195139229297638,1.7961776597159251,1.2262897037324452,3.106682309082576,1.721713398184095,1.1499160116627103,3.236389466694423,1.662077517736526,1.5497122953335445,1.0014521990503584
C:/Users/RDNRCLabPC20LSN/Documents/past scan projects/Barista_small_pore\Mex-2\annotated image\High mag\2_Mex-2_annotated image_3500x_11_2.tif,0.5943658437047686,4.60942884853908,3.7565275217805594,4.531788085188185,1.8194978889964875,2.668913299129123,1.4703603386878967,2.3618985159056525,2.7356668966157094,1.6967813883508955,2.332719405492147,1.9076799324580602,2.1152760911555517,1.465228523526873
C:/Users/RDNRCLabPC20LSN/Documents/past scan projects/Barista_small_pore\Mex-2\annotated image\High mag\2_Mex-2_annotated image_3500x_11_3.tif,2.8676140762510753,1.7391206281525748,4.06020227216539,4.3992914883863365,3.0385416391349973,3.1934608093329837,3.3513600088301163,2.698294764473325,2.745097577571869,3.225678773153396,2.344103046825954,3.269603910900298,3.141960302988688,1.9859571726549239,2.899044973509652,2.434054519448962,3.8321906186285477
C:/Users/RDNRCLabPC20LSN/Documents/past scan projects/Barista_small_pore\Mex-2\annotated image\High mag\2_Mex-2_annotated image_3500x_11_4.tif,0.46277513816243127,3.222356387547084,3.3517600127628873
C:/Users/RDNRCLabPC20LSN/Documents/past scan projects/Barista_small_pore\Mex-2\annotated image\High mag\2_Mex-2_annotated image_3500x_11_5.tif,0.9307550333795094,4.97313713033994,1.8545994105793182,1.9167294331959317,1.4501083748681203,1.9198624051752544,3.0405134232271287,1.7136168479919434,2.5656016951515563,1.4713179951622373,2.3262628714243574,1.2041294858569191,1.6022604590370542,1.2664595104399181,3.1540827751159664,2.755283560071673
C:/Users/RDNRCLabPC20LSN/Documents/past scan projects/Barista_small_pore\Mex-2\annotated image\High mag\2_Mex-2_annotated image_3500x_12_0.tif,0.8015796457018172,0.9498822802589054,0.5288993176959811,2.47408550126212,2.368018576077053,4.377868924822126,2.6032303004037765,2.394821192537035,2.5637334414890836,2.6257340510686236,3.2735192435128346,2.755525915395646,3.6231067982457934,7.114700538771493,1.6507032882599604,2.5496297734124322,5.6252506006331675,2.996471813746861,4.134958301271711,3.73735674506142,2.1459363926024664,4.8396428766704735,3.072411383901324,3.933052786758968,2.061281442642212,2.8560139622007097,3.0822867751121525,3.847124883106777,3.614741421881176,4.344268594469343,3.969253142674764,1.8387474900200254,3.4626269851412093,1.2691536545753477,2.543559125491551,2.268092887742179,11.2077431338174,6.821538832925615,4.849226500306811,2.8493197787375677,4.271113757576261,12.762534890856061,1.950612119265965,1.7918805586440223,4.142457198529017,1.9662828615733554,1.8794302429471699,1.9535909720829556,1.7610714322044738,2.0737756831305365,5.038433066436223,4.5028254474912375,3.5576820373535156,3.8064797776085992,2.1736166647502353,1.445955392860231,1.0233135904584614,1.8475287528265092,1.7879634613082522,5.692495967660632,2.411275471959795,4.8174097169013255,1.4959770611354284,2.7080595663615634,1.965393441064017,10.827668808755421,4.450940231482188,2.315969829048429,2.2718270421028137,4.092708474113827,1.7077932613236562,2.4799320293324336,1.3085893364179704,4.143217206001283,4.293811627796719,2.0916817415328253
C:/Users/RDNRCLabPC20LSN/Documents/past scan projects/Barista_small_pore\Mex-2\annotated image\High mag\2_Mex-2_annotated image_3500x_12_1.tif,0.8560201809519814,0.4478608738808405,0.8108032657986596,0.6065847873687744,0.3867520377749489,0.3985945071492877,0.5977470534188407,0.30479358491443453,0.4974401848656791,0.2996711816106524,2.724250313781557,5.840640953608922,3.5661997681572326,3.0838609082358226,2.457581809588841,5.185952163877942,4.34947805745261,3.6297286280563905,5.288360229560308,3.8519978721936545,2.8765259285767875,3.462466983568101,4.211875528097153,2.5538486384210133,4.1243417263031015,3.947671754019601,3.285159357956478,2.0623049821172446,4.597571673137802,3.36362836474464,3.525055834225246,2.3468230735687983,4.691523773329599,1.6980119886852447,4.08317426272801,2.9623485370760876,3.156609858785357,1.6915460427602134,2.995521216165452,2.1248997151851654,3.3828156122139523,2.826874852180481,3.0165896586009437,1.3135470322200231,2.268582304318746,1.3610533816473827
C:/Users/RDNRCLabPC20LSN/Documents/past scan projects/Barista_small_pore\Mex-2\annotated image\High mag\2_Mex-2_annotated image_3500x_12_10.tif,0.9014747455006554,0.9365739141191756,0.8724226951599121,0.6172390097663516,0.5104332537878128,0.4760682100341434,0.6169754777635847,0.3881732282184419,3.2696192051683153,2.7915874464171275,2.571446458498637,2.481476162161146,3.685204467603139,2.096858263015747,4.152654945850372,3.6682666540145874,4.087962545099712,3.802177382366998,2.025558738481431,1.277694915022169,2.382799897875105,3.6369604638644626,2.778472023350852,3.2898111683981757,2.5145188399723604,1.8113825150898526,4.390504343169076,7.6881297060421545,2.05649551323482,3.667617235864912,2.24608325958252,2.5541380530311946,6.257677995023274,3.151110981191908,2.847755057471139,1.5350468570277804,1.75201016664505,1.659081017687207,4.42365996326719,1.289560914039612,5.678145238331386,2.2195829990364255,1.8799667188099454,5.625864724318187,2.0416118374892647,1.2731278112956455
C:/Users/RDNRCLabPC20LSN/Documents/past scan projects/Barista_small_pore\Mex-2\annotated image\High mag\2_Mex-2_annotated image_3500x_12_11.tif,0.5347629047575452,0.4178205785297212,3.0543570887474787,1.6482726761272974,4.302155239241464,2.9611632313047136,6.3137844290052145,1.4675861937659127,3.3396045991352628,2.274860013098944,3.3146137651943026,11.107920975912185,4.771230439345042
C:/Users/RDNRCLabPC20LSN/Documents/past scan projects/Barista_small_pore\Mex-2\annotated image\High mag\2_Mex-2_annotated image_3500x_12_12.tif,0.6816725844428654,2.0961570796512423,2.3602467349597385,13.68895105804716,2.337757102080754,2.4248814880847935,3.116141225610461,2.6770427908216208,2.155192954199655,1.6811741760798862,3.0204296963555475,2.9961094572430564,1.9053740274338495,1.5596729815006258,3.2088550783339,1.7112097655023848,2.399044763474237,1.8159707954951696,5.304454505443572,4.139521875551769,2.050523689814977,1.9897230920337496,1.6876048275402615,2.0620932153293063,3.5951212289787478,3.176699468067714,1.9608475140162878,2.9514501946313043,1.7229628222329276,3.5001191184634255,1.9646663750920974,1.9457320712861559,3.1686335064115982,1.0521844625473025,2.250304477555411,1.3359096050262451,1.9877418960843767,1.4664944183258783,1.9708005530493602,1.6320442812783378,2.660327332360404,2.0026785135269165
C:/Users/RDNRCLabPC20LSN/Documents/past scan projects/Barista_small_pore\Mex-2\annotated image\High mag\2_Mex-2_annotated image_3500x_12_13.tif,0.9483857949574789,0.6903691405341739,0.9553411574590773,0.8498624733516148,0.8039514337267195,3.0452722935449508,3.0214014706157504,3.124506013734,2.3195439818359556,4.124440550804138,1.569850728625343,2.3946588379996165,1.8188861182757785,1.4413129942757743,3.6083225352423534,3.1363790716443742,4.185655270303998,1.985967760994321,1.2249343962896437,2.1331268548965454,1.4862687303906397,3.2009961775371005,3.224488173212324,1.1427500588553292,1.895475106579917,2.4945374670482816,1.6728305646351407,2.6749086521920704,4.4704521880263375,1.0866600956235613,1.6472773722239904,1.41680451801845,3.2759992678960166,1.6898236728849867,2.2908789941242764,2.811924116952079,1.8759855031967165
C:/Users/RDNRCLabPC20LSN/Documents/past scan projects/Barista_small_pore\Mex-2\annotated image\High mag\2_Mex-2_annotated image_3500x_12_14.tif,2.0466412987027853,2.876351809217816,3.333216301032475,1.61105348666509,2.169741332530976,2.170741342362903,2.035332952226911,2.135931588354565,1.769205629825592,2.9771633886155624,2.90487561907087,1.753937244415283,2.4400404606546675,5.339120728628976,2.0333811683314185,2.2404502630233765,1.731421728928884,1.7356876532236736,2.768653103283474,2.8487856558391025,1.4135715450559343,1.5576223731040957,2.0840110778808594,1.9386120012828283,5.500002310389564,1.8558300109136672,1.4218539794286091,1.9934290108226593,1.784158718018305,2.0453001090458462,3.0402369499206543,2.029855251312256,2.097458268914904,1.5031018370673772,1.097693145275116,2.2964837551116943,1.9821512528828216,1.0892083559717451,1.4169174603053503,1.487680508976891,1.6435326295239587,2.000342019966671,3.0043377734365917,4.512453777449473
C:/Users/RDNRCLabPC20LSN/Documents/past scan projects/Barista_small_pore\Mex-2\annotated image\High mag\2_Mex-2_annotated image_3500x_12_15.tif,0.8048126186643328,2.7512458733149936,2.642627158335277,2.7329280461583823,2.3242604987961903,2.3143404012634643,2.2024569483030407,1.6770659003938948,2.592886669295175,1.7256310837609428,3.662021004373119,2.2674011162349155,3.0795549835477556,3.5453148569379533,2.7625612786837985,2.2832365660440357,1.9361131531851632,2.68692524092538,4.401235036906742,2.561855775969369,1.4456424486069452,2.713417266096388,5.6756110957690655,2.6708239061491827,1.621943005493709,1.8332462594622656,2.650107231878099,4.223737997668129,3.550991383336839,3.2909476501601085,1.5987474833215987,2.5561998380081996,1.722616936479296,3.2323364856697263,2.584479527814048,1.1524983899933952,3.0867621132305687,1.006880487714495,1.5376810005732946,0.964851839201791,2.4780243635177617,1.7579537544931685
C:/Users/RDNRCLabPC20LSN/Documents/past scan projects/Barista_small_pore\Mex-2\annotated image\High mag\2_Mex-2_annotated image_3500x_12_2.tif,0.8129303455352783,0.8147656576974052,0.767541663987296,0.4387054897490002,0.6345850626627604,0.47175993238176617,0.646651063646589,0.7627745582943871,2.705156008402507,2.8639975701059615,2.6364094501449946,2.7945310047694614,2.6578143664768765,2.4975116139366516,2.6871087721415927,3.6510147196905955,2.4286121129989624,1.9287330806255343,2.4986222130911693,3.992669843492054,6.030383995601109,2.1784167119434903,2.5394932031631474,3.7420814973967413,2.441261649131775,1.8334980266434806,4.460773269335429,2.2735282352992465,2.9132945253735496,1.7839304804801943,2.108223080635071,2.77250961178825,3.8101221663611278,3.178983019930976,3.0521029489380975,4.17830460979825,2.0078220935094926,3.286794668152219,2.1111878156661987,1.7193063156945363,3.1882525228318714,3.5504349072774253,3.7127565031959895,1.8816184997558594,2.462057147707258,3.0304392065320696,2.5970020038740977,2.210802912712097,2.5674781841891154,2.8946355183919277,3.2336270865939913,4.3397791385650635,2.602137348481587,3.117706535117967,2.2531068580491205,1.9401226043701172,2.751302344458444,2.0520860581170943,2.5514086144311086,3.414182979436148,1.7653679450352988,4.2425499473299295,1.228652079900106,1.9538427392641706,3.5359088821070537,1.3648416541871573,2.4878950487999694,2.2770388580503917,1.8176378707091014,2.2375984702791487,2.569672323408581,2.9265605381556923,3.099376943139803,1.024647721222469,1.88746326310294,1.140081797327314,3.004791895548503,1.7150427443640572,1.972664100783212,1.413557427270072,2.4107860553832277,2.541737931115287,2.470631349654425,1.86662776413418,2.9016044104383107,2.8256654285249256,1.7597975961509205,2.16505187466031,2.129290346588407
C:/Users/RDNRCLabPC20LSN/Documents/past scan projects/Barista_small_pore\Mex-2\annotated image\High mag\2_Mex-2_annotated image_3500x_12_3.tif,2.604044426055182,3.3180655638376875,5.4832068511417935,1.7299087728772846,2.6994006576992216,3.58707762048358,4.04583271912166,2.4111013526008245,6.552452657903944,2.9127745202609474,3.371426088469369,1.4077032520657495,2.0346270629337857,1.2550170449983504,3.3815979531833102
C:/Users/RDNRCLabPC20LSN/Documents/past scan projects/Barista_small_pore\Mex-2\annotated image\High mag\2_Mex-2_annotated image_3500x_12_4.tif
C:/Users/RDNRCLabPC20LSN/Documents/past scan projects/Barista_small_pore\Mex-2\annotated image\High mag\2_Mex-2_annotated image_3500x_12_5.tif,0.6732207366398403,0.40622517040797645,0.32356553418295725,2.5289378052666076,2.5293036912168776,4.839372285774776,2.828540750912258,4.553988303456987,4.320762481008258,3.6393440167109175,4.647129219202768,5.577195422280402,1.7816175165630521,4.719956994056702,3.980528547650291,6.7331885525158475,3.7432368028731573,3.8955277119364053,11.649436888240633,4.897297561168671,2.2719258666038513,3.2387047835758755,1.7828504698617118,3.692083358764649,3.5262134926659723,1.835947462490627,1.831821539572307,1.9209930045264112,3.4558010356766835,2.051038988998958,2.9529137384323847,2.1940486303397586,3.3685319423675537,5.9073616095951635,2.2139605908166793
C:/Users/RDNRCLabPC20LSN/Documents/past scan projects/Barista_small_pore\Mex-2\annotated image\High mag\2_Mex-2_annotated image_3500x_12_6.tif,0.886804013025193,0.535026436760312,0.9172701949164981,0.9344303636323839,0.607935388882955,2.1815508604049683,2.614609235808963,2.1999180998120984,2.15510824748448,2.473280787467956,2.162767146314893,2.4635395152228217,3.365717797052293,3.9434223004749835,1.5319915328707014,1.8959692290851047,3.071387844426291,4.455883809498378,1.6262418712888445,1.927014240196773,3.5449689711843217,1.7306052503131688,2.2062428678785055,2.9351300341742377,3.436939673764365,3.0608089168866477,2.9613208799135116,4.604955863384974,4.208582554544722,3.8308929588113507,3.5855717233249123,2.545429732118334,5.809991240501403,3.3120796226319813,3.18504543247677,1.9228424344744004,1.4914452518735615,2.1999604531696866,4.029269026858466,3.546340749377296,7.2420712028230945,1.4615861347743444,2.509169375612622,3.083359726837703,4.861563092186338,1.9148023554256983,1.7714150633130754,1.9485368047441753,1.9935254823593866,2.956970248903547,2.4053412959689187,1.8160696199962072,2.1065642407962253,3.639741667679378,2.2231983286993846,2.9362453392573764,1.4549225398472376,2.134905695915222,3.751035703080041,1.1114226920264108,1.9334519505500796,3.7637734753744945,1.0920577957516624,2.5102129152842934,2.0907734973090033,1.111069747379848,2.187221504393078,1.1534372227532526,2.7861920992533364,1.1818751494089763,1.6712070192609514,1.6148205825260706,3.5392724445887973,2.116001980645316,2.8045546327318465,3.6273709578173503,1.3078057993026009,1.4939888062931241,1.1072250036966234,0.9689989387989045,2.959678510824839,1.3969596170243763,1.12315457207816,1.0052487069652194,1.9577416011265347
C:/Users/RDNRCLabPC20LSN/Documents/past scan projects/Barista_small_pore\Mex-2\annotated image\High mag\2_Mex-2_annotated image_3500x_12_7.tif,2.4107954672404697
C:/Users/RDNRCLabPC20LSN/Documents/past scan projects/Barista_small_pore\Mex-2\annotated image\High mag\2_Mex-2_annotated image_3500x_12_8.tif,0.383203767594837,0.6209378696623303,2.7449116933913458,3.8761439919471745,4.985206660770235,3.7632369995117188,4.939982686723981,2.6800145847456793,2.337750043187823,5.032200063977923,2.138510437238784,2.3447630533150265,2.06003437155769,1.4997547453358062,2.9623208897454396,2.7397822311946327,9.296611402715955,1.666839917500814,4.602991138185773
C:/Users/RDNRCLabPC20LSN/Documents/past scan projects/Barista_small_pore\Mex-2\annotated image\High mag\2_Mex-2_annotated image_3500x_12_9.tif,0.7880312772024246,0.7474520547049386,0.9496563956851052,0.7640404530933924,0.9425222078959148,2.6778051512581964,3.1709041169711525,3.6393393107822964,5.62110703048252,2.003229107175555,2.3904235022408624,3.9037513222013205,3.782921898932684,6.2796264461108615,2.1477222925140746,2.198979267052242,1.816394329071045,3.3416657958711897,2.0473636587460837,4.501258373260498,1.6324725207828341,3.231627066930135,2.9896505702109564,2.085267560822623,2.189202700342451,1.4965700081416538,4.760395038695562,1.7663891315460205,1.870474860781715,1.530871521858942,1.8459428548812868,1.445534212248666,3.270667450768607,1.7442877377782549,1.950089761189052,0.971967203276498,3.211076276642936,1.8389898453439983,1.7763704061508179,1.7208875077111383,2.421341453279768,1.7373559049197607,2.4063530706223983,4.941916823387146,1.2461769580841064,2.638117702234359,2.7747237512043545,1.251739365713937,3.0894727281161716,1.414922146570115,1.9174141458102636,1.5161796127046858,2.821340680122376
C:/Users/RDNRCLabPC20LSN/Documents/past scan projects/Barista_small_pore\Mex-2\annotated image\High mag\2_Mex-2_annotated image_3500x_13_0.tif,0.5775115603492373,0.82596812077931,0.49243307681310744,0.4724564098176502,0.4669598851885115,0.6130295566150121,0.5382264682224819,0.6757148788088844,0.4951625154131935,0.4587386278879075,0.4964707635697864,0.5753797746839978,0.46386338415600004,0.5004472732543946,2.223570097060431,3.215415142831348,2.9685185977390836,4.862553690161024,3.3093078306743076,4.299792863073804,2.9793010566915785,4.001432282584054,2.2717493942805698,3.5731621895517622,2.788061235277426,3.6056330970355446,4.71360399041857,3.31515729995001,2.818872420560746,2.258633971214295,1.9152947132076539,3.900140698466982,11.767428636550902,4.335454390162513,3.294928865773337,1.748670427926949,1.2605676878066292,9.259748687346777
C:/Users/RDNRCLabPC20LSN/Documents/past scan projects/Barista_small_pore\Mex-2\annotated image\High mag\2_Mex-2_annotated image_3500x_13_1.tif,0.8804789508382479,0.9356750817525954,0.6389568703515189,2.53832848582949,2.4273997481380194,2.5820630334672474,2.6348235521997725,2.4077566138335635,2.2143982421784174,2.2786247559956143,3.5916835481212255,2.2215183121817454,3.2197798916271756,2.848729184695652,2.45426177694684,3.1693058659633,5.632488318852015,1.808206013270787,3.857875577041081,3.3917062878608704,2.4591277071407864,3.570003334965025,3.2147680776459833,1.4069679507187434,1.7561243247418177,2.0670014988808405,2.5792641824200038,2.2286389704261507,4.143918389365787,1.978504158201672,1.760978490114212,2.436527484939212,1.67199820351033,2.799274580819266,1.7905199570315224,1.38917601108551,1.9688570045289542,2.045642465353012,2.0786922020571574,4.070901200884864,1.5933050768715995,2.428519170908701,2.4947115864072527,2.04689541884831,1.9318848763193404,1.7704621127673559,3.016448480742318,1.4186821835381644,2.64173009069193,3.2331282581601823,2.5996067353657315,1.588276792140234,3.559587938444955,1.7825725259525438,2.376842192241124,3.251108434938249,1.680390050723439,1.7528031156176613,3.6411322695868353,0.9873438250450862,1.6853024519625166,3.6431699366796586,3.344542882981755,2.4918456758771628,1.6434938056128365,1.6756258862359183,2.3591737832341875,1.6863201090267728,2.3290487811678933,1.528603264263698,2.5300431102514267,2.598274957566034,1.0879501083067487,3.053827671777634,1.8412839855466572,1.8497217155638195,2.94047596908751,3.072171381541661,1.2726904540544466,1.5917497674624126,2.2551186425345287,1.7713868277413503,2.1122334141816417,1.9612710475921629,1.7741962671279907,1.8540394050734383,2.682087546303159,3.2396647930145264,2.383068135806493
C:/Users/RDNRCLabPC20LSN/Documents/past scan projects/Barista_small_pore\Mex-2\annotated image\High mag\2_Mex-2_annotated image_3500x_13_10.tif,2.9258264132908414,3.176111226990109,4.782628198464711,5.100066613583337,3.602386006287166,4.777683443966366,3.85618850163051
C:/Users/RDNRCLabPC20LSN/Documents/past scan projects/Barista_small_pore\Mex-2\annotated image\High mag\2_Mex-2_annotated image_3500x_13_11.tif,0.8455141953059605,2.908616832324437,4.469098057065691,2.603864424285435,2.9100356698036194,2.5880219155833832,3.3407951990763345,3.197823205164501,6.425836118913832,1.6997061229887465,1.3728276150567191,1.1891787506285167,1.659926908356803
C:/Users/RDNRCLabPC20LSN/Documents/past scan projects/Barista_small_pore\Mex-2\annotated image\High mag\2_Mex-2_annotated image_3500x_13_12.tif,0.645808702423459,0.7327507336934408,0.4772235155105591,0.7944172223409017,2.590147818837847,2.751690583569663,2.6011891038644883,3.2710909843444824,2.9073062312035334,3.2789934149810245,3.5742986713136946,2.0129527321883613,1.2611618112950098,1.294812730380467,2.7313492071060907,2.138703380312238,2.6191363391422087,1.330361315182277,3.041571080684662,1.1865646072796414,1.9598663278988429,2.2478338650294716,2.724520904677255,4.378748933474223,1.1673714773995534,1.5332338980266027,4.709162770282655,1.3237471325056895,2.012424491700672,1.6960896168436324,2.379258686587924,1.7705327016966685,1.9006069217409407,2.087820527099428,2.133272150442714,1.2562499982970103,3.999876679054328,1.0275277495384216,1.1171545130865914
C:/Users/RDNRCLabPC20LSN/Documents/past scan projects/Barista_small_pore\Mex-2\annotated image\High mag\2_Mex-2_annotated image_3500x_13_13.tif
C:/Users/RDNRCLabPC20LSN/Documents/past scan projects/Barista_small_pore\Mex-2\annotated image\High mag\2_Mex-2_annotated image_3500x_13_2.tif,2.8206265554541634,4.1169063590821775,3.202930314200265,1.9265789417993455,4.331915531839643,2.4256032598870143,2.479464377675738,3.4017652102879112,1.28011611529759,1.6268818775812783,3.091124509062086,3.747267430736905,2.1230538146836415,3.468443512916565,5.156801289036161,2.3035379421143305,2.6153810081027804,1.8391380820955552,4.109870995794024,10.622617380959646
C:/Users/RDNRCLabPC20LSN/Documents/past scan projects/Barista_small_pore\Mex-2\annotated image\High mag\2_Mex-2_annotated image_3500x_13_3.tif,0.5039296604338147,2.7442999226706375,3.0642371858869284,2.703499521527972,9.140276924485253,3.262592077255249,7.579701581171581,1.7007908395358495,2.4230214697974066
C:/Users/RDNRCLabPC20LSN/Documents/past scan projects/Barista_small_pore\Mex-2\annotated image\High mag\2_Mex-2_annotated image_3500x_13_4.tif,5.493978721754891,3.3390187110219687,7.901124741349903,2.529187219483512,4.137923036302839,3.334006897040776,3.392786298479353,3.2597049900463646,1.988405432019915,1.7724574265025912,2.0992818162554787,1.675011762550899,1.5270291311400277,4.605168806655066,1.7844810741288324,2.1272891504423956,2.1000771181924005,1.4415671144212996,1.820220249039786,3.5669433048793246,1.1680208955492293,2.4882162284283416,3.3077831098011563,1.7136168479919434
C:/Users/RDNRCLabPC20LSN/Documents/past scan projects/Barista_small_pore\Mex-2\annotated image\High mag\2_Mex-2_annotated image_3500x_13_5.tif,0.8681255940880095,2.622089309351785,2.629995269434793,2.6139645235879083,2.622858728681292,2.3484677956217817,2.8600610608146306,3.1434944357190813,3.636769873755319,2.9787892869540626,2.053721368312836,4.796976574829647,1.9623110578173681,7.805222621985844,3.112950606005533,3.325736227489653,3.570133924484253,2.0103374123573303,1.4100562163761685,3.628752736108644,1.6706281900405884,3.3236232655388966,1.5677777670678639,3.0255544526236395,1.6884354239418393,1.3132599705741521,5.171662611620767,2.1041148049490794,1.292723298072815,3.695993985448565,1.8670465917814347,1.8678042462893896,2.1951604059764316,2.960483224619003,1.8068342350778126
C:/Users/RDNRCLabPC20LSN/Documents/past scan projects/Barista_small_pore\Mex-2\annotated image\High mag\2_Mex-2_annotated image_3500x_13_6.tif,5.0890782702536805,3.2333188482693265,6.683981009892055,3.7121941447257996,8.338211391653333,2.5815077338899886,3.3597083262034824,4.091920231069837,4.222165041026615,2.1958110006082627,2.9563537722542175
C:/Users/RDNRCLabPC20LSN/Documents/past scan projects/Barista_small_pore\Mex-2\annotated image\High mag\2_Mex-2_annotated image_3500x_13_7.tif,0.8385564798400515,0.759932177407401,2.6075338721275334,7.261386686847324,5.021017601092656,3.845035450799125,4.482669955208188,2.0581472941807344,2.0876181721687317,3.8019973805972507,1.498461791447231,1.8583523886544364,2.3055097262064614,4.902749967716988,2.9209710714362918,2.5485297625973113,1.2130848680223738,5.792174594742912,1.9618569357054572,2.9329347184726173,1.4925746747425623,2.448941724640983,5.483578619502839
C:/Users/RDNRCLabPC20LSN/Documents/past scan projects/Barista_small_pore\Mex-2\annotated image\High mag\2_Mex-2_annotated image_3500x_13_8.tif,0.9501834596906389,0.6509334586915516,3.0617653968788328,2.9541325739451816,2.7033442258834843,2.1638612747192383,2.3721586167812347,5.388340036074321,2.7986369274911427,4.515664985492116,2.268234065600804,4.546002342587426,1.5984157153538294,2.6330517700740272,1.9425861580031258,6.985851036650794,2.054890791575114,1.0445961526462009,3.7603428534099033,4.59218632607233,2.7377775056021556,2.8102817478634066,2.348554855301267,1.4762098079635981,2.823077167783465,2.565921698297773
C:/Users/RDNRCLabPC20LSN/Documents/past scan projects/Barista_small_pore\Mex-2\annotated image\High mag\2_Mex-2_annotated image_3500x_13_9.tif,0.8187468733106341,0.6314579730942136,0.7463132199786958,0.44775028455825083,0.47211052406401866,0.7057104678381058,2.588623097964695,2.63632709639413,1.2920785858517603,2.2844412837709696,2.003271460533142,2.7167984758104597,2.5518862661861235,3.272269819464002,2.9597185112181164,2.195499232837132,1.3551850886571974,2.837865548474448,2.0289375952311923,3.1208142127309526,3.6378487078916457,3.360830690179552,2.749787035442534,4.340527381215777,1.9865171781608035,1.563942435241881,1.144433604819434,2.1094183865047635,1.1827480991681418,4.705790972425825,1.6965496213663191,1.3680840390069142,2.416059048402877,1.310525826045445,1.8156154978842962,1.2404521959168568,1.8610300620396933,1.5653377430779594,3.9754908510616844,2.149602899239177,1.067339905670711,1.019313551130749
C:/Users/RDNRCLabPC20LSN/Documents/past scan projects/Barista_small_pore\Mex-2\annotated image\High mag\2_Mex-2_annotated image_3500x_14_0.tif,0.452884452683585,0.8207751285462153,0.5542454492478144,0.6285530915927319,2.8701052772147317,2.311992142881666,4.015616539688337,2.175635508128575,2.0654532483645847,2.4357839482171193,2.41450373899369,2.697758288610549,3.6136590582983836,3.4238595451627463,5.233039685658046,3.4666929074696133,3.884772312073481,3.2014638291937967,3.3406069619315013,4.781562305632091,2.14213400227683,3.3361192707504546,2.4456240449632918,3.428433707782201,1.899877502804711,6.535147781882967,5.298694448811668,1.7362476587295532,5.857384647641863,1.9615322266306199,3.554971422467913,2.9078574130932493,2.9563208307538718,1.2808925935200284,2.8988402656146457,3.0120907908394225,5.823384313356309,1.599563961937314,1.2779419762747628,3.1477250655492144,6.232437746865409,10.30388248250598,2.354230205217997
C:/Users/RDNRCLabPC20LSN/Documents/past scan projects/Barista_small_pore\Mex-2\annotated image\High mag\2_Mex-2_annotated image_3500x_14_1.tif,0.767075777053833,0.5308240425019037,2.4731101975554513,2.452682937894549,3.488862537202381,1.7627396839005607,2.3518113579068864,2.805853469031198,2.020544571535928,2.4306168385914395,2.39933888401304,3.5002308842681704,3.1644593477249146,2.416597877229963,2.280685952731541,2.8748376766840615,1.5745143038885936,2.4400051661900113,2.498099855014256,2.934081788573946,2.655273165021624,1.6469126627558752,1.2850432225636073,1.8850208861487254,1.5711542708533153,1.9919348784855433,1.7044049927166531,3.20528916092146,2.1760425709542774,1.5486222846167428,3.2600461698713756,2.5415402821132114,1.4931252683912006,2.195965119770595,1.619651218255361,1.6650516646248954,1.65255507117226
C:/Users/RDNRCLabPC20LSN/Documents/past scan projects/Barista_small_pore\Mex-2\annotated image\High mag\2_Mex-2_annotated image_3500x_14_2.tif,0.8531554469040462,0.4692775550342741,0.9105640995715345,0.7722828870727902,0.4137805388087318,2.619221045857384,2.8097217423575263,2.294122555426189,1.625592453139169,2.716933771258309,2.1985627923692976,2.0624473364580247,1.7689091563224792,4.095376735641843,2.492015089307513,3.264406212738582,3.201218532664435,2.9533208012580876,2.0534178359167914,1.8628347856657848,3.075576120898837,1.7484924850009738,1.7118521247591292,1.3917030947549003,2.4689536861010963,1.235166261593501,2.8390020302363803,1.3746488094329834,1.9442214681988672,1.974005290440151,1.6642234211876281,1.471517997128623,3.7098952985945206,1.3177400146211897,2.135886882032667,1.8196037723904563,2.5789030023983543,1.8175731641905648,1.8267144305365428,1.8664536447752091,2.0551531470957256,1.5286456176212857,1.8752654961177282,1.135105277810778,2.026918751852853,4.27950325182506,1.7326335055487496
C:/Users/RDNRCLabPC20LSN/Documents/past scan projects/Barista_small_pore\Mex-2\annotated image\High mag\2_Mex-2_annotated image_3500x_14_3.tif,0.5589654956545148,4.121238166377658,1.8593406336648126,2.0594696601231894,1.743165373802185,1.2341415456363134,2.2230900923411054,1.2567511796951294,1.9130729266575404,1.177053925536928
C:/Users/RDNRCLabPC20LSN/Documents/past scan projects/Barista_small_pore\Mex-2\annotated image\High mag\2_Mex-2_annotated image_3500x_14_4.tif,0.45079972630455384,0.46690106108075097,0.6017282690320697,2.593656088624682,2.7156619940485274,2.2103158490998407,1.4131903648376465
C:/Users/RDNRCLabPC20LSN/Documents/past scan projects/Barista_small_pore\Mex-2\annotated image\High mag\2_Mex-2_annotated image_3500x_14_5.tif,0.8967711698441279,0.9431998616173154,0.8397635505312966,6.119666638118881,3.7278363573409266,1.5359830427027885,3.189209885185673,1.9787418075970244,3.0187849743025645,2.5431379448799865,2.705481893959499,3.4175959541684104,3.839547161545072,1.712918017591749,2.048123666218349,3.9610095322132106,3.857176746640887,2.077213363988059,2.4026283281190053
C:/Users/RDNRCLabPC20LSN/Documents/past scan projects/Barista_small_pore\Mex-2\annotated image\High mag\2_Mex-2_annotated image_3500x_14_6.tif,0.6450275182723999,0.5919493493579683,0.5627772978373936,0.372050716763451,3.6941845558938526,3.044947584470113,3.012933152062552,2.5951878683907643,2.6264587640762334,1.1999341504914423,1.2127672178404671
C:/Users/RDNRCLabPC20LSN/Documents/past scan projects/Barista_small_pore\Mex-2\annotated image\High mag\2_Mex-2_annotated image_3500x_15_0.tif,0.5004378613971528,2.2256971767970497,2.396216500373114,2.6666591593197415,3.240116562162127,4.4526155420712055,1.4616143703460696,3.3159055426007225,2.3242769695463634,3.3124172730105266,3.385049751826695
C:/Users/RDNRCLabPC20LSN/Documents/past scan projects/Barista_small_pore\Mex-2\annotated image\High mag\2_Mex-2_annotated image_3500x_15_1.tif,0.4773788111550467,0.4977931295122419,0.35288346949077787,0.451811500958034,0.35141051383245564,0.4352442792483739,2.6814969522612437,2.420936743418376,6.710551859367461,3.441390305757523,2.9894105678512934,7.468776961167653,2.596341409143948,7.606387725898198,8.454992539825893,5.088039436510631,1.9835536196118309,1.3720581957272122,6.278673495565142,1.0390760983739582,1.2437110514867873
C:/Users/RDNRCLabPC20LSN/Documents/past scan projects/Barista_small_pore\Mex-2\annotated image\High mag\2_Mex-2_annotated image_3500x_15_2.tif,0.5433912248838515,2.948110161792665,2.2212488977682026,3.3226985505649025,3.5186193003540946,2.364533835933322,3.089860967227391,6.956136626856668,2.700541845389775,2.62195048445747,2.2688905426434105,1.6502562250409807,3.478568318344298,2.237174936703273,1.8404651539666312,2.8320560795920233,3.585522311074393,2.6471860266867138,1.4366470660482134,2.1540423546518594
C:/Users/RDNRCLabPC20LSN/Documents/past scan projects/Barista_small_pore\Mex-2\annotated image\High mag\2_Mex-2_annotated image_3500x_15_3.tif,2.3974259240286693,1.8882515061469307,2.7283821191106523,2.1288703424589976,2.1011500699179515,1.8432463577815463,2.0298693690981184
C:/Users/RDNRCLabPC20LSN/Documents/past scan projects/Barista_small_pore\Mex-2\annotated image\High mag\2_Mex-2_annotated image_3500x_15_4.tif,0.880020416918255,0.767047541482108,2.613258634294782,2.292262537138803,3.0341463018031347,4.383946631635938,4.13557242495673,1.7006931915169672,2.1977957260041014,7.202428460121155,3.0773808445249284,2.0529801845550537,2.446224050862449,1.7545372503144403,2.1669530698231285,2.5213883192766278
C:/Users/RDNRCLabPC20LSN/Documents/past scan projects/Barista_small_pore\Mex-2\annotated image\High mag\2_Mex-2_annotated image_3500x_15_5.tif,4.7698680730093095,1.6718140840530398,2.356837289673942,1.8256414788109916,2.314794523375375,1.7305628969555809,1.2775019719487146,1.8503617218562536
C:/Users/RDNRCLabPC20LSN/Documents/past scan projects/Barista_small_pore\Mex-2\annotated image\High mag\2_Mex-2_annotated image_3500x_15_6.tif,0.7729864234016056,0.9329127016521636,0.6607170842942737,0.35805528504507883,2.4338556939647313,2.7862191583429063,2.3456560032708302,1.9853206958089555,1.9661699192864555,1.306739906469981,1.1591972793851582,1.0234006501379467,1.976381784393674,1.03324545281274,1.05582214537121
C:/Users/RDNRCLabPC20LSN/Documents/past scan projects/Barista_small_pore\Mex-2\annotated image\High mag\2_Mex-2_annotated image_3500x_1_0.tif,0.5021225838434129,0.8094103109268915,0.7632545630137125,0.9634771198034285,3.776170656085015,4.30269642103286,2.0109456536315733,4.7979907024474375,8.07103935309819,2.4979445593697687,2.328093477657863,1.1362749951935949,3.083162077835628,3.3954122066497803,1.5604735776072456,2.58808662210192,1.6609292711530412,2.188030924115862,1.727732280890147,2.0989406364304677,3.9828709236213142,2.590710177308037,2.4890127068474177,1.891966836793082,2.168604850769043,1.5586176770074025,2.3953459035782587,5.370864570140839,2.1995651551655357,2.9553325857434953,2.2077534709657938,2.1477952344076976,1.487298152276448,1.6240477320693787,1.41456479011547
C:/Users/RDNRCLabPC20LSN/Documents/past scan projects/Barista_small_pore\Mex-2\annotated image\High mag\2_Mex-2_annotated image_3500x_1_1.tif,0.7111458153951736,0.7835841746557326,0.9101242423057556,0.36164120265415733,4.7484543330612645,2.9874929019383023,5.255526965572721,3.8339576948256715,3.5309853042875017,3.8388271544660846,3.770147655691419,4.285933903285436,3.75278219083945,1.3212718140511286,1.5678407088631676,4.041117378643581,1.4705862232616969,2.2234489193984444,1.2493111065455846,0.9683318734169007,1.301786916596549,1.3281995292220798,1.6965296211696808,3.2306799987951913
C:/Users/RDNRCLabPC20LSN/Documents/past scan projects/Barista_small_pore\Mex-2\annotated image\High mag\2_Mex-2_annotated image_3500x_1_2.tif,0.9231620175497873,0.6895691326686315,0.9319691629636856,0.8320458275931223,0.8456553731645856,0.53832764568783,0.6772584233965193,0.9551340965997605,0.928950309753418,0.9435810418356033,0.5223863124847412,0.6965621425991966,0.5151815357662383,0.5261934087389991,0.5761868414424715,0.6312250296274822,2.692285293624515,2.6876170124326433,2.4361651284354076,2.492643330778394,3.7999503016471863,1.5926377173690567,2.6031573585101535,2.553258044379098,2.225597764054934,2.799218697916894,2.16398127589907,2.4089507432211015,3.958368329774766,2.4501846780379615,2.8707529306411748,2.1835379387651175,2.2717917476381575,1.6953484330858504,4.1235511302948,2.065679132938385,2.652139016560146,2.722859711874099,1.735061764717102,1.5096619015648252,3.3830920855204267,1.5215514302253723,1.9455720697130474,1.8471022780452457,3.1166282892227177,4.935229698816935,1.4801369053976876,7.288686955258959,1.3452485203742979,5.061965062504723,1.4912228967462267,3.452499826749166,1.7449371559279305,1.5931544871557326,1.4414212306340535,2.1041289227349416,2.0426459653036932,3.726643698556083,1.6456114734922136,2.429755653653826,1.8261356013161796,1.3929313421249392,2.450438209942409,2.265043445995876,2.4542053058033897,1.43443763256073,1.367924037433806,1.174437429223742,2.239845551195599,1.35486273254667,3.3003430366516113,3.1035269839423045,1.288742082459586,1.0968107836587089,3.1529298226038613,1.9342719586122603,1.8615406552950542,1.9502627040658678,1.6330819385392326,0.9776590239434014,1.5790037597928728,1.8468252164976937,1.2853114604949951,1.379840625183923,1.684816564832415,1.5609471116747176,1.4998029811041693,1.3188141428288958,1.1700209152130854,1.6445808751242503,4.706592156773522,1.7330429213387626,2.463845988824254,1.4511530910219466,1.4479977658816747,1.68759776864733,1.929731913975307,1.230477980204991,2.0986559277489074,2.015408050446283,1.390376022883824
C:/Users/RDNRCLabPC20LSN/Documents/past scan projects/Barista_small_pore\Mex-2\annotated image\High mag\2_Mex-2_annotated image_3500x_1_3.tif,0.943298686118353,0.755894490650722,4.767495108502252,4.4358647891453336,2.5761853286198204,7.093996805804117,2.049358972481319,1.804443623338427,2.089342895008269,1.6345078349113464,2.08345342533929,3.005521314484733,4.086424882922854,1.8397875002452304,2.074474513530731,3.0736243370033445,1.780376327889306,1.6829012518837339,2.2435979410296394,3.114628269558861
C:/Users/RDNRCLabPC20LSN/Documents/past scan projects/Barista_small_pore\Mex-2\annotated image\High mag\2_Mex-2_annotated image_3500x_1_4.tif,4.310354143381119,3.855604378240449,2.0650014792169844,2.4334498076211837,3.1124211890356883,1.9967631612505232,2.170369574001857,1.8318674223763602,8.134541153907776,3.962918962751116,4.540541112422943,1.165818520954677,1.602114575249808,2.260163398016067,1.7782551305634635,1.437458838735308,2.139044560137249,2.472727840855008,2.25720572187787
C:/Users/RDNRCLabPC20LSN/Documents/past scan projects/Barista_small_pore\Mex-2\annotated image\High mag\2_Mex-2_annotated image_3500x_1_5.tif,0.5265651771000454,0.5278710722923279,0.3163889930361793,0.47816940716334755,0.40978697013287324,0.4387666668210711,0.5692573615482875,0.5025178818475633,0.6553523256665185,0.464155151730492,0.8184739294506255,0.39315680662790936,0.6079212710970925,0.5030449458530971,0.34720341364542645,0.332257384345645,0.4368984131585984,0.5155533041272845,5.844955113672075,2.6546519824436734,5.762146064213344,2.6713944999944594,3.5902894167673023,1.5624247732616605,1.6407973085130965,3.361444813864572,3.4290054781096324,3.5650891690027144,3.344599060004666,2.3242675576891214,1.6451173509870256,2.723273833592733,5.40664374544507,3.5181898843674437,3.057093586240496,3.0897750840300606,3.362575413215728,2.449174668107714,4.44578253371375,1.6260301045009067,2.739965762410845,2.6564167056764876,1.8041695029962632,4.4703192455427985,2.917762804599035
C:/Users/RDNRCLabPC20LSN/Documents/past scan projects/Barista_small_pore\Mex-2\annotated image\High mag\2_Mex-2_annotated image_3500x_1_6.tif,4.048366861683982,3.8133739630381265,2.4550970792770386,3.173271199067434,2.1839508840015953,3.254095523130326,2.002120860985347,1.4893275839941844,1.4975300175803048
C:/Users/RDNRCLabPC20LSN/Documents/past scan projects/Barista_small_pore\Mex-2\annotated image\High mag\2_Mex-2_annotated image_3500x_1_7.tif,2.1127619487898692,2.4314356701714654,2.864014040856134,2.4423793071792237,2.6114021454538623,1.378010018950417,4.799510717391968,1.9120917405400957,3.0426699150176275,1.8883315069334847,1.3648604779016404,1.7307911344936917,1.1668491193226405,2.5062458174569264
C:/Users/RDNRCLabPC20LSN/Documents/past scan projects/Barista_small_pore\Mex-2\annotated image\High mag\2_Mex-2_annotated image_3500x_2_0.tif,0.6567205744130271,0.8247328145163401,0.6343121188027517,6.228092410025143,2.890624890724818,3.2106562725135257,3.162420210029398,4.102938574694452,1.9220024262155806,1.5240291016442435,7.588265194779351,4.354400458790007,1.855542949267796,8.316759416035245,1.905678148070971,1.669154057900111,1.5731307608740672,2.8339690395763943,5.459681913966224,9.156026491097041,5.902074498789651,6.714658958571298,3.2477119309561595
C:/Users/RDNRCLabPC20LSN/Documents/past scan projects/Barista_small_pore\Mex-2\annotated image\High mag\2_Mex-2_annotated image_3500x_2_1.tif,4.471582787377494,2.3645597185407365,2.9954694509506226,3.692683364663805,3.165306414876665,6.719642536980765,6.695202296688444,2.088940538111187,3.5224863971982683,4.874819693111237
C:/Users/RDNRCLabPC20LSN/Documents/past scan projects/Barista_small_pore\Mex-2\annotated image\High mag\2_Mex-2_annotated image_3500x_2_2.tif,4.582802704402379,3.11220706928344,2.0808910472052435,3.9718896391845884,3.8849511373610723,2.163416564464569,2.554486291749137,6.640547641686031,3.0498864565576826,2.3458301226298013,3.025945632940247,1.9652522632053921,1.8053965738841466,2.454084128141403,3.20722682703109,2.644463646979559
C:/Users/RDNRCLabPC20LSN/Documents/past scan projects/Barista_small_pore\Mex-2\annotated image\High mag\2_Mex-2_annotated image_3500x_2_3.tif,1.7107862319265095,2.908113297962007,1.2397816010883878,1.6731388029598053
C:/Users/RDNRCLabPC20LSN/Documents/past scan projects/Barista_small_pore\Mex-2\annotated image\High mag\2_Mex-2_annotated image_3500x_2_4.tif,4.146810182503291,3.729319018977029,2.276394145829337,2.741739897500901,1.88521618218649,2.062961459159851,2.191379192329588,2.7979333911623274,2.057074342455183,1.9358096207891191,2.6491648696717762,1.5823990872928075,1.4356623504843031,1.329966017178127,1.1919176010858445,1.817414927340689,1.6844142079353333,1.2307391592434473,1.3598368990988958,1.757576103721346,1.5217949620315006
C:/Users/RDNRCLabPC20LSN/Documents/past scan projects/Barista_small_pore\Mex-2\annotated image\High mag\2_Mex-2_annotated image_3500x_3_0.tif,0.9422304403214228,0.907717159816197,0.6242955497332981,0.5451818307240804,0.4310630616687593,0.47642821357363746,0.4798870711099534,0.7704993401254927,0.5592666750862485,0.39435211249760216,0.5130450441723778,0.4863106636773973,0.5149227096920921,0.38872852779570083,0.6167213576180594,0.5790127515792847,0.36087413628896076,0.38918970880054293,2.663136771747044,4.947258052371797,3.47846714087895,2.840351455268406,2.3553643340156194,2.428560347784133,2.6198075222117563,3.0676901610124676,2.893299034663609,3.3592071448053633,2.35284195627485,5.8382126944405695,1.3858442136219569,3.4970390881810873,2.306500324181148,2.9970647607530867,5.767426116125925,3.520366376354581,8.594797443775905,2.8416844095502585,2.4391404518059323,2.90773447070803,2.1392551504430317,2.540589684531802,2.458019460950579,1.5815731968198503,1.651329176766532,2.489200943992252
C:/Users/RDNRCLabPC20LSN/Documents/past scan projects/Barista_small_pore\Mex-2\annotated image\High mag\2_Mex-2_annotated image_3500x_3_1.tif,0.4531715143294562,0.9268161711238679,0.8886957963307699,0.6333168148994447,0.3113183549472264,0.6365239052545456,0.49252719538552425,2.39515413698696,2.428308580602918,3.212156287261418,2.177484938076564,1.2065200975963046,2.3340935366494318,2.8691576208387106,1.7104685817446028,2.9920600056648254,2.2946743255569824,3.61936970267977,2.373468041419983,2.112049000603812,2.077135716165815,2.1058971754142215,2.1568164995738437,1.2381674675714403,1.5596165103571755,1.7117038880075726,4.939039148035504,1.7666338398343042,1.2344239013535636,2.3694021190915793,1.8079236575535365,2.0758086442947388,1.9421979188919067,2.883176582200187,3.8828446460621695,2.3856446317264015,1.3904466118131364,1.9627581210363478,2.1997910397393365,1.702219088872274,1.6875083560035342,2.285874239036015,1.0693658079419819,1.3672016773905071,1.8528605699539185,1.271681914726893,1.5980698296001978,1.4657085282461983,1.1272375533978145,1.6501291649682182,1.871665460722787,2.8344508090189526,2.3307817393825165,1.069328160513015,1.0877824595996313,1.3052175385611398,1.054513897214617,1.5716660405908311,1.2693371857915605,2.323286371571677
C:/Users/RDNRCLabPC20LSN/Documents/past scan projects/Barista_small_pore\Mex-2\annotated image\High mag\2_Mex-2_annotated image_3500x_4_0.tif,0.8761897910208929,3.174025030008384,2.6076538733073646,3.5394912702696666,4.398113829748971,2.6103550763357255,3.875829871211734,5.6657133513972875,2.5210930222556702,1.898115132536207,2.2226489115329016,4.123965840254511,2.3002437920797436,2.452264110247294,5.889760260071073,1.6813259422779083,2.50289519627889,2.619865758078439,2.1817767449787686
C:/Users/RDNRCLabPC20LSN/Documents/past scan projects/Barista_small_pore\Mex-2\annotated image\High mag\2_Mex-2_annotated image_3500x_4_1.tif,2.6646614926201955,4.390934935637882,2.2484126942498346,4.0625234714576175,2.5399943845612665,3.2150498451221554,5.5705888867378235,2.3940376554216662,3.774208872091203,3.480083627360208,1.8669830617450534,2.414446091368085,2.598802021571568,1.5756719623293196,5.953766771725246,5.768004945346288,3.1633863959993636
C:/Users/RDNRCLabPC20LSN/Documents/past scan projects/Barista_small_pore\Mex-2\annotated image\High mag\2_Mex-2_annotated image_3500x_4_2.tif,0.9381927535647439,0.678431376105263,0.5721091542925154,0.9297220820472355,0.9111289580663046,0.8904464017777216,0.5260851723807198,0.9482163815271287,0.5463406656469618,0.7817018032073973,0.39022266013281687,3.412295902059192,2.498142208371844,3.0797632208892276,2.9234122719083517,2.453944715006011,3.584519948278155,3.49374258518219,2.7176620137123835,3.3339433670043945,3.795157313346863,2.0185610226222446,2.4130543129784723,3.2190716493697393,6.899081948257629,2.6473436752955117,2.124524417377654,3.194960824080876,1.6819647720881872,2.836834361865407,3.8395153965268816,1.7204922097069877,2.9996577274231684,2.3410103693604474,3.793186705736887,1.8823385068348477,3.0944633654185703,2.29867554136685,2.6717133266585216,3.759672258581434,2.011389187404088,2.001291441065925,2.3624891099475676,1.7104497580301194,2.2560574752943854,1.6257195132119315,1.8783728796101753,1.1263734272548132,1.7149862732206071,2.0495530920369283,2.987697609833309,1.5022241813795907,1.1899905233156112,1.2495511089052473,1.9559274656432015,1.247584030741737,1.6749294088000344,1.8929197873388017,1.0427443697339012,1.9219012487502325,7.799139032761255,2.312899210623333,2.051857820578984,2.627481421189649,1.617990025452205,3.043294627042044,1.9339743086269925,1.9267436493010748,2.2520174355733964,1.2363156846591405,1.6723364421299527,1.610542893409729
C:/Users/RDNRCLabPC20LSN/Documents/past scan projects/Barista_small_pore\Mex-2\annotated image\High mag\2_Mex-2_annotated image_3500x_4_3.tif,3.162101677485875,5.096810110977717,3.263530910015106,3.1473697679383417,4.0181665647597535,4.720602882759912,3.1846324872402922,2.6913570492040546,3.0116225509416488,2.475943166585196,4.196991852351598,2.994231791723342
C:/Users/RDNRCLabPC20LSN/Documents/past scan projects/Barista_small_pore\Mex-2\annotated image\High mag\2_Mex-2_annotated image_3500x_4_4.tif
C:/Users/RDNRCLabPC20LSN/Documents/past scan projects/Barista_small_pore\Mex-2\annotated image\High mag\2_Mex-2_annotated image_3500x_5_0.tif,3.775199470065889
C:/Users/RDNRCLabPC20LSN/Documents/past scan projects/Barista_small_pore\Mex-2\annotated image\High mag\2_Mex-2_annotated image_3500x_5_1.tif,0.5112520853678386,1.4234822307314192,10.78678134793327,4.072811807904924,2.3043897151947026,0.9713883740561349
C:/Users/RDNRCLabPC20LSN/Documents/past scan projects/Barista_small_pore\Mex-2\annotated image\High mag\2_Mex-2_annotated image_3500x_6_0.tif,0.5256145795186361,2.7666377893515994,2.778493200029646,3.0114684317793166,2.4024942091533115,2.6273599494071234,6.13623915399824,2.4464334646860757,2.57769593170711,3.775510061354864,3.494861419711794,2.0645897104626614,4.190690613928296,6.6845586626302635,2.587924267564501,4.879672682001477,4.449382569108691,3.733824945631482,3.2012714743614197,3.183537182353792,4.8419628994805475,2.3456701210566933,3.4264289821897234,4.883621544355439,3.4972320312545415,7.142205515078136,5.228246697357722,1.6421243803841727,2.754690613065447,4.28494565827506,2.866319945880345,1.93789199420384,3.995742814881461,1.816507271357945,3.291547656059265,3.1795342018206916,2.6036114806220643,2.8742117881774902,3.9188432352883478,1.5217702559062414,3.4865589851424805,1.8841044065498171,1.7756574579647608,1.7919705595288957,1.7540431278092519,7.146430262497494,6.858194487435477,1.7453036301192786,3.372397862729572,2.130197414330074,4.099913250832331,1.6923113444021771
C:/Users/RDNRCLabPC20LSN/Documents/past scan projects/Barista_small_pore\Mex-2\annotated image\High mag\2_Mex-2_annotated image_3500x_6_1.tif,0.7936878034046718,0.5534925006684802,0.7647510483151391,0.863189663205828,9.027669934999375,2.5234471630482447,3.5949812276022777,2.6214751856667657,8.430349944602876,4.0412232620375494,2.779940273080553,2.5208118430205757,2.745535228933607,2.381632827577137,5.260011715548379,2.260546931198665,2.257716315133231,2.9203534183048068,1.9802594695772442,3.0896350826535905,2.4407887033053806,3.979097945349557,2.8475715262549266,4.491131214868455,2.045243637902396,3.127936635698591,4.552456523690906,2.343655983606974,2.346771308353969,2.215366486992155,2.662603237089657,1.7221298728670396,1.4738756673676627,3.2976818340165277,3.0336180613154458,3.6395228419985086,2.273803238003027,2.296497872897557,2.9403100851036252,2.0898417234420776,1.487511095546541,1.7193274923733304,2.5528274519102916,3.6713302135467534,3.076013772260575,4.743505460875374,1.6914001589729672,2.298036711556571,2.66300265278135,1.5683377725737437,1.5798602388018654,2.0881687658173695,2.7536317791257585,2.0079056237425124,2.5373896530696323,1.7683532685041428,3.517531054360526,1.6784447374798004,1.849931129387447,1.987879544496536,1.6804400512150355,1.6651410772686914,2.3467854261398315,1.7111980006808327,0.9921556370598928,1.1305593507630485,2.834129041149503,2.8108723419053216,1.8203331913266865,2.2368784632001604,1.4251481294631958,1.912131740933373,1.6902519123894828,3.1950808252607072,1.7082520893641882,3.3911909886768887,2.3033697051661357,1.3180223703384402
C:/Users/RDNRCLabPC20LSN/Documents/past scan projects/Barista_small_pore\Mex-2\annotated image\High mag\2_Mex-2_annotated image_3500x_6_2.tif,0.8442624182928177,0.4543174079486302,0.5569060636418207,0.5430547509874616,0.9074065685272217,0.5838269165584019,0.41984412783668157,0.43081364745185485,0.5140662306830996,0.3723848376955305,0.38831675904137747,0.376509584131695,3.2010526486805504,4.828758063770476,4.295181053025382,2.288733090673174,3.677030269588743,3.014053163074312,2.1473505241530284,3.8198163793200535,1.8457452058792114,2.7016253854547227,7.121934727543876,2.0927382225082036,4.596449897402809,3.7267001696995323,3.309293712888445,5.606412768363953,6.255173264514833,2.3426780328154564,2.545389731725057,4.286856265295119,2.8693340931619917,1.9719158581324985,2.9338311978748868,3.607966061149325,1.7601561290877208,2.863905804497855,3.1550745495728085,1.500325339181083,1.2238885771837973,1.393612525292805,3.00893075977053,2.236304339908418
C:/Users/RDNRCLabPC20LSN/Documents/past scan projects/Barista_small_pore\Mex-2\annotated image\High mag\2_Mex-2_annotated image_3500x_6_3.tif,0.6840020191101801,0.6515240527334667,2.528283681188311,2.4349639401549386,1.7638549889836994,2.332349990095411,2.3336888267880393,3.964330741337367,2.386068165302277,1.6370137419019426,2.7660248421487355,1.3714581898280553,4.060797572135925,3.220822254816691,3.8426777805600856,3.323016200746809,1.8656795195170812,1.4849016581262862,1.5796108245849607,2.884771892002651,2.290318988618396,1.1723974091666087,3.688819797266097,2.664409725438981,2.2127935205187117,5.898521522680918,2.365407962174643,2.746288177512941,1.7955923598437085,2.210581734066918,1.54709050485066,1.9687534740992956,2.1043312776656373,1.6456961802073886,1.7092873936607724,1.3001398415792556,1.5072418777715593,2.723358540307908,1.9247342177799769,1.3652745996202742,1.9808382987976072
C:/Users/RDNRCLabPC20LSN/Documents/past scan projects/Barista_small_pore\Mex-2\annotated image\High mag\2_Mex-2_annotated image_3500x_7_0.tif
C:/Users/RDNRCLabPC20LSN/Documents/past scan projects/Barista_small_pore\Mex-2\annotated image\High mag\2_Mex-2_annotated image_3500x_7_1.tif,2.994495323726109,2.3386135810897466,2.8202018453961326,3.107338786125183,5.760696638198126,2.496744547571455
C:/Users/RDNRCLabPC20LSN/Documents/past scan projects/Barista_small_pore\Mex-2\annotated image\High mag\2_Mex-2_annotated image_3500x_7_2.tif
C:/Users/RDNRCLabPC20LSN/Documents/past scan projects/Barista_small_pore\Mex-2\annotated image\High mag\2_Mex-2_annotated image_3500x_7_3.tif,0.7167788119543167
C:/Users/RDNRCLabPC20LSN/Documents/past scan projects/Barista_small_pore\Mex-2\annotated image\High mag\2_Mex-2_annotated image_3500x_8_0.tif,0.847330683753604,2.601940875961667,3.603988374982561,6.9910616761162165,6.8177340896356675,3.0838891438075478,2.648360155877613,1.7603749547685896,4.222530926976885,2.383237549236843,2.5452744364738464,3.0408687208380023,2.855990432557605,1.9030775342668806,1.0416220057578316,6.366302592413765,3.6953480967453545
C:/Users/RDNRCLabPC20LSN/Documents/past scan projects/Barista_small_pore\Mex-2\annotated image\High mag\2_Mex-2_annotated image_3500x_8_1.tif,0.5436194624219622,0.5424194506236485,0.7112540517534529,0.4257924216134208,0.34944578863325576,0.5267863557452247,2.339239469596318,2.7094478153047112,2.6853946376414526,2.7169325947761536,2.620983416125888,3.0227873665945872,3.923549163909185,2.791799801446143,1.5730178185871668,3.7623252258414315,4.74246309768586,1.9944525502976913,1.6391314097813199,2.8444303189005167,1.2945303746632169,2.1656189390591214,1.4200798443385532,4.154800849301475,5.90886515378952,4.46162268945149,1.6719082026254564,2.706933672939028,3.5196628400257657,1.7851093155997142,3.249264887401036,1.407959725175585,1.3676863880384538,4.222368572439466,3.6017012936728343,1.3951007752191453,1.9992055382047382,1.52372792221251,6.224051782063075,2.030885849680219,1.638037281376975,2.8653952309063504,3.092650406417393,1.5910038777760098,1.6300477910609474,1.1246228218078613,1.5711236823172796,1.213614284992218,3.215946912765503,3.072253735292526,2.077326306274959,1.4985935574486142,2.8818495103291104,1.4456942138217745,1.4847345976602464,1.9724170395306182,1.5924662450949352,2.2403655563082014,1.4473836421966553,2.6121421527294886,1.0464367589780263,1.3751782264028276,1.0642904639244082,1.4520313349508103,1.3182435489836193
C:/Users/RDNRCLabPC20LSN/Documents/past scan projects/Barista_small_pore\Mex-2\annotated image\High mag\2_Mex-2_annotated image_3500x_8_2.tif,0.6644535916192191,1.9010445731026788,2.262731070319812,1.9288071990013125
C:/Users/RDNRCLabPC20LSN/Documents/past scan projects/Barista_small_pore\Mex-2\annotated image\High mag\2_Mex-2_annotated image_3500x_8_3.tif,3.80401387101128,1.7213392768587386,2.8182112375895185,1.6683881680170696,2.4582735810961043,1.3859524499802363
C:/Users/RDNRCLabPC20LSN/Documents/past scan projects/Barista_small_pore\Mex-2\annotated image\High mag\2_Mex-2_annotated image_3500x_8_4.tif,0.5168239048549107,2.6625026478653866,2.3676421017873857,6.477028386933463,2.3184792654854913,4.058778728757586,1.966226390429905,1.425717546826317,4.511686711084275,4.171417483261653,1.725969910621643
C:/Users/RDNRCLabPC20LSN/Documents/past scan projects/Barista_small_pore\Mex-2\annotated image\High mag\2_Mex-2_annotated image_3500x_9_0.tif,0.7988819721199217,0.8859945933024089,0.8930686334414142,0.7976266656603131,0.9318115143548875,0.7138234887804304,0.875796845981053,0.46215899239870767,0.7443837892441523,0.4031945523761568,0.7330048538389661,0.7796123708997454,0.9398986526897976,0.6694654056004116,0.9432892742611114,0.44403991719619146,0.5604660986434846,0.5280522505442302,0.5839775062742687,0.690538553964524,0.6305817880091213,0.5486265704745339,0.6071965580894835,0.622270235703105,0.46374897126640596,0.9334621188186464,0.9371527433395386,0.32976324217660086,0.5976717585609073,0.8769215629214332,0.5655396779378256,0.8573731354304723,0.5969046921957106,0.5173039095742362,0.34442691575913204,2.491535084588187,2.551959208079747,2.9109039136341637,2.6763274896712534,5.43702757358551,2.943727765764509,2.920419301305498,2.5491815337112973,2.9024379480452764,9.08671522140503,2.4767019975753057,2.210774677140372,2.3390324087370007,5.121395058575131,2.456767683937436,3.621188544091724,2.5264624868120467,4.224267414637975,2.0863052180835178,3.338705766768683,4.317430683544704,4.6092335525013155,3.8675803783394045,2.156877676645915,3.0140484571456914,2.6747980628694807,2.128933872495379,2.6547555128733316,1.9528709650039675,3.8705509957813087,1.7921682085309711,3.3825709039256684,2.7485352584293916,4.462660934953462,2.0614337970813117,2.3257640429905484,5.008286887691134,1.7146050930023196,2.7682942762261344,6.548708503444989,1.497642959867205,1.948532098815555,3.2188598825818016,3.809995106288365,1.8446581363677979,3.992345134417216,3.2360541692801887,3.339585187179702,4.566103716691335,3.872819253376552,2.1594706433159967,1.5496105296271188,3.160096951893398,3.328908023380098,2.7577682903834755,1.814559016908918,2.4397933994020735,2.86876232283456,2.770916654950097,1.8978036588856153,3.119960086686271,2.276178555474395,3.090168323190439,1.7569302150181363,1.8778631687164307,3.2246434688568115,2.0004620211465016,3.1315037295931867,1.5023865359170097,1.8203120146478926,1.4082703164645605,5.966684545789446,1.8812302606446403,2.300761444228036,3.4909425576527915,2.3469548395701816,4.160553847040449,2.196981600352696,1.1183286422774905,2.8792424258731657,1.6050634277718407,3.6551653487341746,3.557303504220077,6.2457437600408285,2.2523833215236664,2.2166335582733154,2.19479981419586,1.2598241510845367,2.8568704412097023,1.7766809974397932,2.277281213374365,7.821326309726352,1.234416842460632,2.0662485503015064,1.505977159454709,2.921235191680136,1.291196224235353,1.8749972581863403,2.440249874478295,2.156011785779681,1.3648393012228466,1.8282991519996097,2.252071553752536,2.1692354452042353,1.5070618760018122,3.3149917100866637,1.808808372134254,1.415180972644261,1.4213222094944544,2.118740831102644,3.4586645932424642,1.6347934259545234,1.5540608674997376,1.3897277812163036,1.0716317125729151,2.7844509056636264,2.620105760438102,1.8247485288551877,1.3101964110419864,4.857054812567575,1.979094752243587,1.4866743226136478,1.8229167461395264,1.896470410483224,2.876520046166011,1.199108260018485,1.62885601463772,1.8733137122222356,1.1292499261243005,2.4898185971237368,2.225054817540305,1.9269154156957353,1.314304686727978,1.819966128894261,2.247053857360567,1.955936877500443,1.948988573891776,3.35946832384382,2.8644375744320096,1.285029104777745,2.3514669427559487,3.083077371120453,3.4147676910672873,2.5620534249714444,3.798590288275764,1.9529674365406944,6.382431574520611,1.3525827101298742,2.0192810297012334,1.0786082517533075,1.3597686631338937,1.4109809313501631,3.3392716546853385,2.056951988311041,1.5954686275550296,2.3059356127466475,2.0512154613222395,2.9366994613692876
C:/Users/RDNRCLabPC20LSN/Documents/past scan projects/Barista_small_pore\Mex-2\annotated image\High mag\2_Mex-2_annotated image_3500x_9_1.tif,0.6695501123155867,0.6988774594806489,0.3889402945836385,0.8251328184491112,0.30432769798097153,0.5173039095742362,0.3395512795874051,0.5074402831849598,0.634453296661377,0.5577466601417179,0.6167354754039219,9.54456384054252,4.297132836920875,4.479994634787242,4.865159598134812,1.7812551600592479,3.2970535925456455,3.9170632177875158,3.1060217143524262,2.7685119254248485,6.021296847434271,1.2809025936183474,1.3762414721505984,4.6576419696211815
C:/Users/RDNRCLabPC20LSN/Documents/past scan projects/Barista_small_pore\Mex-2\annotated image\High mag\2_Mex-2_annotated image_3500x_9_2.tif,0.912159556434268,0.464778687272753,0.8158103738512311,0.7753346817834036,0.4532138676870437,0.6036388760521298,0.5158638954162598,3.6708031495412192,2.8958825894764493,5.11909385947954,4.7498796411923,2.0783921991075784,2.3199757507869174,2.7260220959073025,9.757064165104003,3.334882199764252,1.716982763437998,3.329630383423397,2.3345641295115156,2.543912070138114,1.9946478463354567,1.8708089817137945,2.993455313500904,5.202827623912267,5.425902758325849,2.2090805428368703
C:/Users/RDNRCLabPC20LSN/Documents/past scan projects/Barista_small_pore\Mex-2\annotated image\High mag\2_Mex-2_annotated image_3500x_9_3.tif,4.878499729292733,4.0149453566187905,2.7957616051038108,2.607079750015622,2.9824193226439615,3.326599765391577,3.074169048241207,3.3051724958987463,7.718059412070683,2.596857296569007,2.191955668585641,3.499784997531346,2.198507497708003,2.6842405086471923,2.1162561007908414,2.385597572440193,1.8243708780833652,3.3644424903960455,5.382423507315773,2.5810418469565253,1.6538303778285073,2.704623061986197
C:/Users/RDNRCLabPC20LSN/Documents/past scan projects/Barista_small_pore\Mex-2\annotated image\High mag\2_Mex-2_annotated image_3500x_9_4.tif,0.8642437912168958,0.6539170174371629,0.8724603425888788,0.6572770504724411,0.7141529037838891,0.6368909676869711,0.9111807232811338,0.5338781901768276,0.39196620668683735,0.7146799677894229,0.6039118199121385,0.6067212592987787,0.8080361797696068,2.4101884024483815,2.6130468675068443,2.8230206966400146,2.359745553561619,2.9272523096629555,2.5679687772478377,5.654735596407027,2.463384219578334,4.929959058761597,3.0813902957098827,3.149663908141,2.747434071132115,2.946676030045464,1.4995559198515755,3.104364639236813,2.6822946071624756,2.0006879057203024,2.1646236351558144,2.6826687284878323,1.9684899420965287,4.912189472289312,2.9270205426783784,1.832865079243978,2.402762447084699,1.3619475080853416,3.076147891226269,3.2580390913145885,2.7319986252557666,1.995266675949097,2.9024050065449307,1.9785982767740886,1.9270495346614291,1.8798396587371826,1.311951722417559,2.026763456208365,2.5565168999490284,1.6147688173112413,1.0678128514971053,1.7474901222047352,1.7653208857490903,3.704194066070375,2.416164931796846,3.106011714254107,5.119687982967922,1.4370988351958138,2.365484433514731,2.5112138074778376,1.8853173596518382,2.153244699750628,3.5199875491006036,1.0837894791648501,3.011153428682259,1.6524227169297991,1.8500652483531408,2.169418976420448,2.7294103645143055,3.254140229452224,1.3775523673920405,1.7391253340811956,1.8585676848888397,2.262029298714229,2.1636353901454384,2.078707496325175
C:/Users/RDNRCLabPC20LSN/Documents/past scan projects/Barista_small_pore\Mex-2\annotated image\High mag\2_Mex-2_annotated image_3500x_9_5.tif,0.7825488703591482,2.759351835364387,2.4699366369417737,2.4890397659369876,3.1960690702710832,4.342701520238604,3.4168206524281275,1.33576842716762,3.3551553402628222,2.03746003196353,3.0655830814724876,2.469807812145778,1.746634819677898,2.1303174155099054,2.495541594567753,3.5163216307049705,1.6152226453026135,3.029338019234794,1.5805431866929645,3.579141071864537,3.56938568183354,2.0986982811064947
C:/Users/RDNRCLabPC20LSN/Documents/past scan projects/Barista_small_pore\Mex-2\annotated image\High mag\2_Mex-2_annotated image_3500x_9_6.tif,0.8432647614251999,0.8653732140858968,0.626641455150786,0.8693732534136092,0.670067764463879,0.6173095986956643,0.8392458983830043,0.4394207908993676,0.6358321337472825,0.6613900320870536,0.4665928227560861,0.3046888780026209,0.356163501739502,2.3784327961149665,2.350950172969273,2.9831140353566123,2.598171427136376,2.6350612015951245,2.9323817718596685,4.783641149600347,2.4995798695655096,3.1746241535459245,2.4903303668612526,2.7120266641889303,2.073129794427327,5.149377686636789,3.395461618900299,2.5770323957715715,2.4683395624160767,2.0214010505449207,1.957663953304291,5.696724244526454,3.083427962802706,2.540453212601798,3.0977951628821234,2.5889054536819462,2.373910398710342,2.018659847123282,2.6747415917260304,2.386103459766933,2.3815504738262723,2.0848581450326105,1.6630187034606934,1.4830239926065718,1.6781200284049627,5.015654018947056,2.516608272280012,1.856366486776443,1.8215049675532753,3.384030918280284,2.151174091157459,1.9167929632323129,2.1578847453707737,3.093813947268895,2.158905931881496,1.866554822240557,2.1407928126198907,2.7624859838258655,1.9270165931610836,2.676132193633488,1.2927091802869524,1.38406537260328,1.601535746029445,2.8120511770248413,1.043389081954956,1.9253930477868941,2.7871615205492293,3.022886191095625,1.9044751950672696,2.054899615191278,1.6316813365334557,3.7782489118121925,3.5869905608040944,1.1394606147493636,2.1483764165923707,1.03493252822331,1.8413075151897613,2.244283241885049,1.4386023793901717,2.793669819831848,1.8535570473898026,1.5705613238470897,1.510221907070705,2.1454093285969327,2.816568868500846,1.8529664533478873,1.357912174292973,1.7757292233762287,1.7631702763693673,1.8525223313342958,1.864015973749615,1.9909960457256863,1.9719523290793102,1.7654808873221985
C:/Users/RDNRCLabPC20LSN/Documents/past scan projects/Barista_small_pore\Mex-2\annotated image\High mag\2_Mex-2_annotated image_3500x_9_7.tif,3.1901678357805525,2.5617993048259193,1.9817065426281522,2.866552889347076,1.57601078919002,2.119164364678519,1.351749760763986
C:/Users/RDNRCLabPC20LSN/Documents/past scan projects/Barista_small_pore\Mex-2\annotated image\High mag\2_Mex-2_annotated image_3500x_9_8.tif,3.5026791436331615,1.9385320004962738,3.2647520984922136,4.440476599193755,2.494676291942597
